Date,Close
2018-12-03,0.05348204524774758
2018-12-04,0.04328243841677831
2018-12-06,0.04081094692355916
2018-12-07,0.03299502209996491
2018-12-10,0.0343875882756208
2018-12-11,0.033170660214772024
2018-12-12,0.0337603065594356
2018-12-13,0.03608123742344954
2018-12-14,0.029218773916934032
2018-12-17,0.027286754654055917
2018-12-18,0.029958980890802844
2018-12-19,0.023460332356702474
2018-12-20,0.018366807884177716
2018-12-21,0.01071396328947083
2018-12-24,0.005821173560473847
2018-12-26,0.018793354856835143
2018-12-27,0.01751369479574405
2018-12-28,0.017614062167507966
2018-12-31,0.019508465201983266
2019-01-02,0.019734277431112918
2019-01-03,0.0
2019-01-04,0.007615190080066447
2019-01-07,0.0072011818502100144
2019-01-08,0.010739059918191518
2019-01-09,0.013950739242160698
2019-01-10,0.014565482215544934
2019-01-11,0.012671079181069633
2019-01-14,0.009798137343913715
2019-01-15,0.01364965626998782
2019-01-16,0.015995683762722424
2019-01-17,0.01714987982332894
2019-01-18,0.018354269141376778
2019-01-22,0.01393820049935976
2019-01-23,0.014716023701631387
2019-01-24,0.01318545478269001
2019-01-25,0.019533542687585115
2019-01-28,0.017701890796470915
2019-01-29,0.0156694850187101
2019-01-30,0.028930229687562092
2019-01-31,0.03042316323498187
2019-02-01,0.030523530606745758
2019-02-04,0.03645761028178443
2019-02-05,0.040133471949932636
2019-02-06,0.04020876183609465
2019-02-07,0.0360686986806486
2019-02-08,0.0354037815929418
2019-02-11,0.0341742956461733
2019-02-12,0.03600596668040634
2019-02-13,0.035115218220451105
2019-02-14,0.03589306056584149
2019-02-15,0.03541632033574274
2019-02-19,0.03605614079472888
2019-02-20,0.03743616822758383
2019-02-21,0.03621924016673503
2019-02-22,0.03861546091691098
2019-02-25,0.040196203950174925
2019-02-26,0.04032166795065947
2019-02-27,0.04099912378116724
2019-02-28,0.038841273146040606
2019-03-01,0.04112458778165176
2019-03-04,0.04222860972793571
2019-03-05,0.04182714024088016
2019-03-06,0.04056003806570885
2019-03-07,0.03802581457224741
2019-03-08,0.038540190173867755
2019-03-11,0.046055012882170315
2019-03-12,0.048576697632830845
2019-03-13,0.04958035220735091
2019-03-14,0.05211455655769359
2019-03-15,0.055112962395334086
2019-03-18,0.057496644402709046
2019-03-19,0.05562733799695441
2019-03-20,0.05767228251751616
2019-03-21,0.06636639791514592
2019-03-22,0.06129797007134183
2019-03-25,0.05839993160546522
2019-03-26,0.055953517597847946
2019-03-27,0.05806119411865196
2019-03-28,0.05837483497674456
2019-03-29,0.059917942638486876
2019-04-01,0.0615363401863912
2019-04-02,0.06502402499693136
2019-04-03,0.06669259665915825
2019-04-04,0.06711914363181565
2019-04-05,0.06876261866532185
2019-04-08,0.07265177296291755
2019-04-09,0.07189902724624783
2019-04-10,0.07330413216470469
2019-04-11,0.07120901352982037
2019-04-12,0.07110864615805651
2019-04-15,0.07156028975943457
2019-04-16,0.07158538638815523
2019-04-17,0.07645309863155034
2019-04-18,0.07736892457710745
2019-04-22,0.07820947977962137
2019-04-23,0.08191043807649026
2019-04-24,0.08150898773255347
2019-04-25,0.07915040235389917
2019-04-26,0.07792093555024945
2019-04-29,0.07830984715138525
2019-04-30,0.07336686416494695
2019-05-01,0.08572432163104274
2019-05-02,0.08400555671137452
2019-05-03,0.08726742929278505
2019-05-06,0.08316500150886061
2019-05-07,0.07611436114473705
2019-05-08,0.07616453525905961
2019-05-09,0.07342959616518921
2019-05-10,0.0689884308944515
2019-05-13,0.054611144679633405
2019-05-14,0.058299564233701334
2019-05-15,0.06113487069933565
2019-05-16,0.06008104201049305
2019-05-17,0.05872611120635876
2019-05-20,0.051311636726701276
2019-05-21,0.055715166625917356
2019-05-22,0.05092272512556548
2019-05-23,0.04700849334236787
2019-05-24,0.04614284151113329
2019-05-28,0.045214457679656456
2019-05-29,0.04414809024801289
2019-05-30,0.045302286308619405
2019-05-31,0.04125005178213631
2019-06-03,0.03902946914676747
2019-06-04,0.04698339671364721
2019-06-05,0.050621623010273814
2019-06-06,0.053983862963448204
2019-06-07,0.06016885149633716
2019-06-10,0.063217450591419
2019-06-11,0.0660151216855317
2019-06-12,0.06523729848326007
2019-06-13,0.06518710522581872
2019-06-14,0.06341818533494678
2019-06-17,0.06486092562492521
2019-06-18,0.07058173181363517
2019-06-19,0.06985408272568613
2019-06-20,0.07184885313192527
2019-06-21,0.07099574004349166
2019-06-24,0.07074483118564132
2019-06-25,0.06696860214572922
2019-06-26,0.0722754001045827
2019-06-27,0.0722001293615395
2019-06-28,0.06991681472592837
2019-07-01,0.0744708861112309
2019-07-02,0.0759512617727309
2019-07-03,0.07805893829353491
2019-07-05,0.0778331069212865
2019-07-08,0.07255140559115367
2019-07-09,0.07408197451009504
2019-07-10,0.0765785434889161
2019-07-11,0.07472179496908118
2019-07-12,0.07666637211787905
2019-07-15,0.07906259286805498
2019-07-16,0.07817184440809974
2019-07-17,0.07672910411812131
2019-07-18,0.07962714258399792
2019-07-19,0.07577562365792381
2019-07-22,0.08158425847559672
2019-07-23,0.08361664511023872
2019-07-24,0.08340337162391001
2019-07-25,0.08133334961774638
2019-07-26,0.08223663682050256
2019-07-29,0.08467047379908135
2019-07-30,0.08354137436719553
2019-07-31,0.08888580769757057
2019-08-01,0.08310226950861835
2019-08-02,0.07756965932063523
2019-08-05,0.06417091190849775
2019-08-06,0.06876261866532185
2019-08-07,0.0713219196443852
2019-08-08,0.07682945234676644
2019-08-09,0.07376833365200244
2019-08-12,0.07312849404989755
2019-08-13,0.08377974448224487
2019-08-14,0.07597635840145159
2019-08-15,0.07470925622628025
2019-08-16,0.08068097127284055
2019-08-19,0.08551104814471402
2019-08-20,0.08552358688751496
2019-08-21,0.08838398998186994
2019-08-22,0.08815817775274029
2019-08-23,0.07583835565816607
2019-08-26,0.08066843253003961
2019-08-27,0.07774529743544231
2019-08-28,0.07946404321199177
2019-08-29,0.08382991859656738
2019-08-30,0.08349120025287296
2019-09-03,0.07967731669832048
2019-09-04,0.08405574996881585
2019-09-05,0.08918690981286223
2019-09-06,0.08916181318414154
2019-09-09,0.09030347050194712
2019-09-10,0.0934775144543947
2019-09-11,0.1021214557377019
2019-09-12,0.1014941740215167
2019-09-13,0.09604937331937777
2019-09-16,0.09749211360935614
2019-09-17,0.09849576818387626
2019-09-18,0.10109272367757996
2019-09-19,0.09882196692788855
2019-09-20,0.09476971325828673
2019-09-23,0.09601173794785614
2019-09-24,0.09470698125804441
2019-09-25,0.09890977641373275
2019-09-26,0.09747957486655526
2019-09-27,0.09613720194834072
2019-09-30,0.10259819596780065
2019-10-01,0.1033760191700723
2019-10-02,0.0963128400631478
2019-10-03,0.09864632881308147
2019-10-04,0.10641206037923437
2019-10-07,0.10647479237947668
2019-10-08,0.1031376490550229
2019-10-09,0.10643715700795506
2019-10-10,0.11027611804810941
2019-10-11,0.11795405927153693
2019-10-14,0.1175274931557608
2019-10-15,0.11683749858245204
2019-10-16,0.1156456480072052
2019-10-17,0.11678730532501072
2019-10-18,0.11820496812938727
2019-10-21,0.12334866671623454
2019-10-22,0.12265867214292589
2019-10-23,0.12669834878348926
2019-10-24,0.1272001856423087
2019-10-25,0.13096387593941985
2019-10-28,0.13406264914882418
2019-10-29,0.12683635152677478
2019-10-30,0.1267987161552531
2019-10-31,0.13369881503329026
2019-11-01,0.14255604894604498
2019-11-04,0.14466370632373024
2019-11-05,0.1441995239795512
2019-11-06,0.1443375075797179
2019-11-07,0.14708500455950804
2019-11-08,0.14797577216258204
2019-11-11,0.15056016977036604
2019-11-12,0.15025904851195562
2019-11-13,0.15340801497880133
2019-11-14,0.15111218074350805
2019-11-15,0.1550264125267056
2019-11-18,0.15670752293173343
2019-11-19,0.15569132961441243
2019-11-20,0.1518021753168167
2019-11-21,0.1503217996553167
2019-11-22,0.15003323628282597
2019-11-25,0.1557916778430575
2019-11-26,0.15318220274967168
2019-11-27,0.15763588762009148
2019-11-29,0.15689569978934145
2019-12-02,0.15301910337766547
2019-12-03,0.1471101203313475
2019-12-04,0.14998304302538465
2019-12-05,0.15480056201133843
2019-12-06,0.1612364785451965
2019-12-09,0.15648171070260378
2019-12-10,0.15843882659420258
2019-12-11,0.16131174928823974
2019-12-12,0.1621774011194743
2019-12-13,0.16680674324782
2019-12-16,0.17271572629413803
2019-12-17,0.17340575915368425
2019-12-18,0.17256518480805158
2019-12-19,0.1729164610376658
2019-12-20,0.17218883109283548
2019-12-23,0.17790963728154544
2019-12-24,0.1782483556252399
2019-12-26,0.18532411176120292
2019-12-27,0.18518608987479865
2019-12-30,0.18734394050992523
2019-12-31,0.19001616674667218
2020-01-02,0.1984217570580488
2020-01-03,0.1947584149895827
2020-01-06,0.19773172419850252
2020-01-07,0.1959628234507493
2020-01-08,0.20198471261163217
2020-01-09,0.21006410417899643
2020-01-10,0.21094227560991316
2020-01-13,0.21926003729232688
2020-01-14,0.2138905073332311
2020-01-15,0.21220939692820331
2020-01-16,0.2171021866572003
2020-01-17,0.22148063907081447
2020-01-21,0.21877077746254595
2020-01-22,0.2201884402669225
2020-01-23,0.22210792078699967
2020-01-24,0.2209537055832744
2020-01-27,0.20921101023368158
2020-01-28,0.22017588238100275
2020-01-29,0.22851872154901828
2020-01-30,0.2279290752043547
2020-01-31,0.20991356269291003
2020-02-03,0.20884717611814765
2020-02-04,0.22163118055690093
2020-02-05,0.2248930531383114
2020-02-06,0.22961018560938254
2020-02-07,0.22311155621840092
2020-02-10,0.2250184788525584
2020-02-11,0.22258462273086085
2020-02-12,0.23210679287444116
2020-02-13,0.2291836386367251
2020-02-14,0.22928402515160776
2020-02-18,0.22181935741450895
2020-02-19,0.2276154343462621
2020-02-20,0.22345027456209546
2020-02-21,0.21435468967741014
2020-02-24,0.19569933756386051
2020-02-25,0.18302823923967207
2020-02-26,0.18876160331430178
2020-02-27,0.1647617987272583
2020-02-28,0.16456106398373052
2020-03-02,0.19648971865205186
2020-03-03,0.1845839239304529
2020-03-04,0.20142014375257047
2020-03-05,0.18910035994423383
2020-03-06,0.18422008981491897
2020-03-09,0.15554078812832597
2020-03-10,0.17959074768657327
2020-03-11,0.16715801947743422
2020-03-12,0.13303389794558348
2020-03-13,0.1703446213158015
2020-03-16,0.1254814398657593
2020-03-17,0.1388425327632564
2020-03-18,0.13107678205398468
2020-03-19,0.1287056579325294
2020-03-20,0.10920975061646584
2020-03-23,0.10310001368350133
2020-03-24,0.13134024879775472
2020-03-25,0.12963404176400625
2020-03-26,0.1458429990130574
2020-03-27,0.13241917411531803
2020-03-30,0.14128892762775488
2020-03-31,0.140636549282849
2020-04-01,0.12385050357505403
2020-04-02,0.12889383479013747
2020-04-03,0.12447778529123923
2020-04-06,0.15089888811406052
2020-04-07,0.14708500455950804
2020-04-08,0.15541532412784145
2020-04-09,0.15782406447769956
2020-04-13,0.16442308038356382
2020-04-14,0.1817360404357801
2020-04-15,0.1784490903687677
2020-04-16,0.1812844159775208
2020-04-17,0.17640414584820593
2020-04-20,0.16903986462598977
2020-04-21,0.1583008047077983
2020-04-22,0.1679985938230669
2020-04-23,0.1666562017617336
2020-04-24,0.17661743847765346
2020-04-27,0.17686836647862256
2020-04-28,0.1711098866321534
2020-04-29,0.18258917266733252
2020-04-30,0.1902043436042802
2020-05-01,0.1842702830723603
2020-05-04,0.18940144291640668
2020-05-05,0.19492151436158886
2020-05-06,0.19877303328766296
2020-05-07,0.20267470718494082
2020-05-08,0.21069138589518163
2020-05-11,0.21681366157094714
2020-05-12,0.2122972255571662
2020-05-13,0.20758005479985756
2020-05-14,0.2099511980644316
2020-05-15,0.20765532554290075
2020-05-18,0.21675091042758607
2020-05-19,0.21446763407821254
2020-05-20,0.22210792078699967
2020-05-21,0.21912205369216012
2020-05-22,0.22168137381434225
2020-05-26,0.21897151220607372
2020-05-27,0.2207027775823053
2020-05-28,0.22087843484023115
2020-05-29,0.22048952323909535
2020-06-01,0.22539487085401208
2020-06-02,0.22726415811664794
2020-06-03,0.2294972794948177
2020-06-04,0.22598451719867566
2020-06-05,0.23750140031913877
2020-06-08,0.2399603339264382
2020-06-09,0.2531708853378489
2020-06-10,0.26427377937157426
2020-06-11,0.24302147176432096
2020-06-12,0.2466596980609476
2020-06-15,0.2519163219054785
2020-06-16,0.26332029891137676
2020-06-17,0.26270557508111136
2020-06-18,0.26288123233903726
2020-06-19,0.26035954758837676
2020-06-22,0.27183879533731825
2020-06-23,0.28144875582362394
2020-06-24,0.273331728884738
2020-06-25,0.279328540560019
2020-06-26,0.26526489520329344
2020-06-29,0.2754895795198645
2020-06-30,0.2792783473025777
2020-07-01,0.27841269547134306
2020-07-02,0.27841269547134306
2020-07-06,0.2906321693372721
2020-07-07,0.289176871161374
2020-07-08,0.3000664725656519
2020-07-09,0.3021239749721333
2020-07-10,0.30296451103152855
2020-07-13,0.30074394753927847
2020-07-14,0.3086727976205563
2020-07-15,0.3120224605446922
2020-07-16,0.3059880134978896
2020-07-17,0.30500945555209025
2020-07-20,0.3151965044971399
2020-07-21,0.3083842342480656
2020-07-22,0.30975170379500083
2020-07-23,0.28753339612786777
2020-07-24,0.2863791809241424
2020-07-27,0.2973942463289051
2020-07-28,0.28957834064842947
2020-07-29,0.29854846153263026
2020-07-30,0.3043194609787815
2020-07-31,0.35485327450321125
2020-08-03,0.3682896381437515
2020-08-04,0.37194042232629787
2020-08-05,0.3739351735894182
2020-08-06,0.3932052495332333
2020-08-07,0.37920435531986885
2020-08-10,0.3873088243728351
2020-08-11,0.3704851241503997
2020-08-12,0.3887264871772117
2020-08-13,0.3987629946361747
2020-08-14,0.39824861903455433
2020-08-17,0.3967431276012149
2020-08-18,0.40153556910156674
2020-08-19,0.40226319904639707
2020-08-20,0.4151475900000329
2020-08-21,0.44573385260702103
2020-08-24,0.45319848205788227
2020-08-25,0.44801712895639456
2020-08-26,0.45653562538233594
2020-08-27,0.4489455319309902
2020-08-28,0.44792933861366924
2020-08-31,0.4691690500487652
2020-09-01,0.4949628711554013
2020-09-02,0.48101213191324066
2020-09-03,0.42822011952503924
2020-09-04,0.4286215890120948
2020-09-08,0.3877730067170141
2020-09-09,0.410355148499681
2020-09-10,0.39113522752706964
2020-09-11,0.3836580401902887
2020-09-14,0.4005193757842457
2020-09-15,0.4014226629870019
2020-09-16,0.3843103993920757
2020-09-17,0.3753277206219553
2020-09-18,0.35776383256877
2020-09-21,0.37402300221838114
2020-09-22,0.3827045597300913
2020-09-23,0.3591689757734644
2020-09-24,0.3646890472186465
2020-09-25,0.3850631451087455
2020-09-28,0.39851206663520555
2020-09-29,0.39414617210751113
2020-09-30,0.40277757464801744
2020-10-01,0.4076954801488538
2020-10-02,0.38877664214841534
2020-10-05,0.40624018197295564
2020-10-06,0.3894792328938813
2020-10-07,0.39911427086578877
2020-10-08,0.39856225989264693
2020-10-09,0.40859876735161005
2020-10-12,0.44588439409310743
2020-10-13,0.42932414147132325
2020-10-14,0.42977580421582007
2020-10-15,0.4273670255797245
2020-10-16,0.4188861645253046
2020-10-19,0.4036307068795698
2020-10-20,0.41130862895987863
2020-10-21,0.4080969496359095
2020-10-22,0.40247649167584454
2020-10-23,0.3989135361222611
2020-10-26,0.39896372937970237
2020-10-27,0.4067419996886563
2020-10-28,0.37964342189220857
2020-10-29,0.4003186410407179
2020-10-30,0.36790072654261563
2020-11-02,0.3674490637981188
2020-11-03,0.3758295766238935
2020-11-04,0.3984618733777643
2020-11-05,0.41893635778274596
2020-11-06,0.41723016989211625
2020-11-09,0.4053368947701995
2020-11-10,0.40358051362212843
2020-11-11,0.4212447499039589
2020-11-12,0.4198396449855022
2020-11-13,0.42009057298647134
2020-11-16,0.4253095614594805
2020-11-17,0.4207429321882583
2020-11-18,0.41391810405326446
2020-11-19,0.4169792418911472
2020-11-20,0.41045549672832615
2020-11-23,0.3929418019325821
2020-11-24,0.3995658953240483
2020-11-25,0.40388159659430134
2020-11-27,0.40669180643121494
2020-11-30,0.4190367442976286
2020-12-01,0.4374537262961289
2020-12-02,0.4392603007016411
2020-12-03,0.4385577482424128
2020-12-04,0.4350951409174746
2020-12-07,0.4426225215116969
2020-12-08,0.4457840075782247
2020-12-09,0.4327365555388202
2020-12-10,0.4400632013895147
2020-12-11,0.4358980798915856
2020-12-14,0.4327365555388202
2020-12-15,0.4633478956314101
2020-12-16,0.46299661940179604
2020-12-17,0.4674628621581355
2020-12-18,0.4572256582418822
2020-12-21,0.4651042767794812
2020-12-22,0.48342094883557385
2020-12-23,0.4788041645931479
2020-12-24,0.48387257329383315
2020-12-28,0.5075587370227841
2020-12-29,0.4984254784803396
2020-12-30,0.49265451732042587
2020-12-31,0.48748572210485785
2021-01-04,0.47102585599795643
2021-01-05,0.4790550160216418
2021-01-06,0.4569245369834718
2021-01-07,0.4786033915633825
2021-01-08,0.4842740427808887
2021-01-11,0.4688679670765923
2021-01-12,0.4679647181600737
2021-01-13,0.4784528500772961
2021-01-14,0.4685167291332156
2021-01-15,0.45963439859174027
2021-01-19,0.46309700591667846
2021-01-20,0.48417365626600606
2021-01-21,0.5084619859393027
2021-01-22,0.5195022054021422
2021-01-25,0.5388224363171611
2021-01-26,0.5400268447783276
2021-01-27,0.5345067350469079
2021-01-28,0.5095660078855866
2021-01-29,0.4838224183226294
2021-02-01,0.4947621746981111
2021-02-02,0.4990277209971604
2021-02-03,0.49375853926670976
2021-02-04,0.5110714993189261
2021-02-05,0.5079099749661607
2021-02-08,0.508662758969068
2021-02-09,0.5041462846690495
2021-02-10,0.501034991859963
2021-02-11,0.4997302734563889
2021-02-12,0.5009346053450804
2021-02-16,0.48999484896959866
2021-02-17,0.47820192207632695
2021-02-18,0.4725313474312959
2021-02-19,0.47333420983293184
2021-02-22,0.4539135924030303
2021-02-23,0.45321103994380196
2021-02-24,0.4506517198216198
2021-02-25,0.4287721304981812
2021-02-26,0.43012708044543446
2021-03-01,0.4628962711731508
2021-03-02,0.44949754290413213
2021-03-03,0.4341416604572771
2021-03-04,0.42445642922792803
2021-03-05,0.43092998113330794
2021-03-08,0.4055376295137273
2021-03-09,0.4292739482138819
2021-03-10,0.42370372179749594
2021-03-11,0.4336398427415764
2021-03-12,0.4289728652417091
2021-03-15,0.4438268916866258
2021-03-16,0.4517557417679038
2021-03-17,0.4476909684986198
2021-03-18,0.42646373837696827
2021-03-19,0.4237538767686997
2021-03-22,0.44081594710618455
2021-03-23,0.43655043909337266
2021-03-24,0.42425569448440037
2021-03-25,0.4267648213491412
2021-03-26,0.4298761524444652
2021-03-29,0.43077943964722143
2021-03-30,0.4233022523104404
2021-03-31,0.4345933232017739
2021-04-01,0.4388588312145857
2021-04-05,0.45341177468732974
2021-04-06,0.45496742109187294
2021-04-07,0.46344828214629274
2021-04-08,0.4757931817264689
2021-04-09,0.48904136850940116
2021-04-12,0.4802092695116047
2021-04-13,0.4962174345877717
2021-04-14,0.48417365626600606
2021-04-15,0.4965687491036235
2021-04-16,0.49486256121299377
2021-04-19,0.4982749369942532
2021-04-20,0.4895933794825431
2021-04-21,0.49155049537414197
2021-04-22,0.48372203180774676
2021-04-23,0.49566550018710487
2021-04-26,0.49767277104990737
2021-04-27,0.4960167381304815
2021-04-28,0.4919519648611974
2021-04-29,0.4914501088592592
2021-04-30,0.4813132914578886
2021-05-03,0.4867329381019506
2021-05-04,0.4631973541453237
2021-05-05,0.4644519558639316
2021-05-06,0.4726818889173824
2021-05-07,0.4750404742960367
2021-05-10,0.4581791004158421
2021-05-11,0.453461967944771
2021-05-12,0.4377046160108604
2021-05-13,0.4487447971874624
2021-05-14,0.4611900449962836
2021-05-17,0.45526850406404584
2021-05-18,0.4481425929568791
2021-05-19,0.4473396922690055
2021-05-20,0.46048749253705523
2021-05-21,0.45105318930867533
2021-05-24,0.4594336638482125
2021-05-25,0.45843002841681124
2021-05-26,0.4581791004158421
2021-05-27,0.4503004435920056
2021-05-28,0.44693822278194995
2021-06-01,0.4452821898625241
2021-06-02,0.4491964216457217
2021-06-03,0.44156869282285427
2021-06-04,0.45336158142988836
2021-06-07,0.45341177468732974
2021-06-08,0.45762708944270014
2021-06-09,0.4595842053342989
2021-06-10,0.45446560337617237
2021-06-11,0.4606882272805829
2021-06-14,0.4763953476708146
2021-06-15,0.4721800329154442
2021-06-16,0.47473931475138875
2021-06-17,0.4829692478048394
2021-06-18,0.4762950377284071
2021-06-21,0.4855286062132591
2021-06-22,0.493959235724
2021-06-23,0.4925541308055432
2021-06-24,0.49109887091588256
2021-06-25,0.4895933794825431
2021-06-28,0.4979738540220803
2021-06-29,0.5057521626172717
2021-06-30,0.5089136869700371
2021-07-01,0.5104693333745803
2021-07-02,0.5239684481584818
2021-07-06,0.5343060385896177
2021-07-07,0.5471026009142906
2021-07-08,0.5404283142653832
2021-07-09,0.5498124242363216
2021-07-12,0.546751286398439
2021-07-13,0.5524720925871489
2021-07-14,0.570086135611538
2021-07-15,0.5667239148014824
2021-07-16,0.55623578288426
2021-07-19,0.5364638509385067
2021-07-20,0.5550313744230934
2021-07-21,0.5512676841259823
2021-07-22,0.5582932852907415
2021-07-23,0.567125384288538
2021-07-26,0.5692832732099021
2021-07-27,0.558142743804655
2021-07-28,0.549160026748297
2021-07-29,0.5524720925871489
2021-07-30,0.5535761145334328
2021-08-02,0.5518699266428031
2021-08-03,0.5611034951276551
2021-08-04,0.5590459927211736
2021-08-05,0.5595980036943157
2021-08-06,0.5549812194518896
2021-08-09,0.5547302914509206
2021-08-10,0.5522713961298586
2021-08-11,0.5535761145334328
2021-08-12,0.5687814172079638
2021-08-13,0.5698352841830441
2021-08-16,0.5799721015844147
2021-08-17,0.5753051623707849
2021-08-18,0.5560852413981736
2021-08-19,0.5577914292888033
2021-08-20,0.5652686549118218
2021-08-23,0.5728964220209268
2021-08-24,0.5724447209901924
2021-08-25,0.5661217488571366
2021-08-26,0.5620067440441737
2021-08-27,0.5673261573183033
2021-08-30,0.5900086090433778
2021-08-31,0.5835350954242357
2021-09-01,0.5869474712054951
2021-09-02,0.592668277394205
2021-09-03,0.5959301882618531
2021-09-07,0.6079238116124149
2021-09-08,0.5999949615311371
2021-09-09,0.5947760113443653
2021-09-10,0.5691828866950194
2021-09-13,0.5720934830468157
2021-09-14,0.5649173403959701
2021-09-15,0.5694839696671923
2021-09-16,0.5682795612060256
2021-09-17,0.5545797499648341
2021-09-20,0.5389228228320437
2021-09-21,0.5413817181531055
2021-09-22,0.553525959562229
2021-09-23,0.5584438267768279
2021-09-24,0.5588954512350872
2021-09-27,0.5511171426398959
2021-09-28,0.5337540276164757
2021-09-29,0.5383708118589018
2021-09-30,0.5316965252099942
2021-10-01,0.537467486369908
2021-10-04,0.5198534433455189
2021-10-05,0.5297394093183955
2021-10-06,0.534205652074735
2021-10-07,0.5406791656938772
2021-10-08,0.5387220498022783
2021-10-11,0.538270425344019
2021-10-12,0.5317466801811981
2021-10-13,0.5287357738869942
2021-10-14,0.5430377510725315
2021-10-15,0.5484574742890685
2021-10-18,0.5570387218583711
2021-10-19,0.5681290197199392
2021-10-20,0.57063814658468
2021-10-21,0.5717421685309639
2021-10-22,0.5677777817765626
2021-10-25,0.5675268537755935
2021-10-26,0.570939306129328
2021-10-27,0.5685807207506737
2021-10-28,0.587248630750143
2021-10-29,0.5733480464791861
2021-11-01,0.5691327317238156
2021-11-02,0.57445206842547
2021-11-03,0.5818289075336059
2021-11-04,0.5791692391827787
2021-11-05,0.5807750405585258
2021-11-08,0.5765597258031553
2021-11-09,0.5784164551798714
2021-11-10,0.5639137049645687
2021-11-11,0.5636627769635997
2021-11-12,0.5743015269393836
2021-11-15,0.5743516819105874
2021-11-16,0.5793699356400689
2021-11-17,0.5918654149925691
2021-11-18,0.6138453142584152
2021-11-19,0.6272942740711127
2021-11-22,0.629652859449767
2021-11-23,0.6316099753413659
2021-11-24,0.6342696436921931
2021-11-26,0.6085259775567607
2021-11-29,0.6257386276665694
2021-11-30,0.65113097928615
2021-12-01,0.6484713109353228
2021-12-02,0.6434028256621624
2021-12-03,0.6337677876902549
2021-12-06,0.6512313658010327
2021-12-07,0.6806382591462184
2021-12-08,0.7002094946346815
2021-12-09,0.6975999812550581
2021-12-10,0.7221392389293239
2021-12-13,0.7035215604735334
2021-12-14,0.6964458043375704
2021-12-15,0.7213865314988916
2021-12-16,0.6860579823627555
2021-12-17,0.6804375626889282
2021-12-20,0.6734621930678479
2021-12-21,0.6897213627174591
2021-12-22,0.7030197044715952
2021-12-23,0.7062313837955644
2021-12-27,0.7265553267144597
2021-12-28,0.7213362999552128
2021-12-29,0.7217880009859472
2021-12-30,0.715866421767472
2021-12-31,0.7127049739871816
2022-01-03,0.7349859562252007
2022-01-04,0.7233938023616943
2022-01-05,0.6994065556605704
2022-01-06,0.6847532639591813
2022-01-07,0.6856063579044962
2022-01-10,0.6857067444193788
2022-01-11,0.7002094946346815
2022-01-12,0.7024676934984532
2022-01-13,0.6857067444193788
2022-01-14,0.6901228322045146
2022-01-18,0.673713121068817
2022-01-19,0.6557979184997799
2022-01-20,0.6471665159592735
2022-01-21,0.6366282290708474
2022-01-24,0.6326637657439709
2022-01-25,0.6234301972591189
2022-01-26,0.6229785728008596
2022-01-27,0.6206199874222053
2022-01-28,0.6763727894196442
2022-01-31,0.6987040032013421
2022-02-01,0.6978509092560272
2022-02-02,0.7040233399029965
2022-02-03,0.6892696616867247
2022-02-04,0.6867103798507802
2022-02-07,0.6830470760685516
2022-02-08,0.6989549312023111
2022-02-09,0.7062313837955644
2022-02-10,0.6853554299035272
2022-02-11,0.6678919283652244
2022-02-14,0.669096336826391
2022-02-15,0.6887176507135827
2022-02-16,0.6875133188248912
2022-02-17,0.669096336826391
2022-02-18,0.6611674867451132
2022-02-22,0.6462131120715512
2022-02-23,0.6248855337212545
2022-02-24,0.6382842619902733
2022-02-25,0.6488727804223784
2022-02-28,0.6502276537971563
2022-03-01,0.6405926158252487
2022-03-02,0.6574539514192057
2022-03-03,0.6557979184997799
2022-03-04,0.6404420743391623
2022-03-07,0.6210214569092608
2022-03-08,0.6116875019095261
2022-03-09,0.6393380523928783
2022-03-10,0.6171072251260632
2022-03-11,0.5980880006107421
2022-03-14,0.5774629747196739
2022-03-15,0.5998945750162544
2022-03-16,0.6224767167989214
2022-03-17,0.6276455120144894
2022-03-18,0.6445068476084463
2022-03-21,0.6515324487732056
2022-03-22,0.6687952538542181
2022-03-23,0.6757706234752985
2022-03-24,0.6951410859339963
2022-03-25,0.6984029202291692
2022-03-28,0.702819008014305
2022-03-29,0.7196803436082619
2022-03-30,0.7137086094185829
2022-03-31,0.6978509092560272
2022-04-01,0.6963454178226877
2022-04-04,0.7170708302286385
2022-04-05,0.7001091081197989
2022-04-06,0.6839001700138665
2022-04-07,0.6854558164184098
2022-04-08,0.6751683809584775
2022-04-11,0.6533891781499217
2022-04-12,0.6629740611506255
2022-04-13,0.6767240273630208
2022-04-14,0.6510807477424712
2022-04-18,0.6499768023686623
2022-04-19,0.6616692661745762
2022-04-20,0.6608161722292614
2022-04-21,0.6567513989599774
2022-04-22,0.6335168596892857
2022-04-25,0.6389868144495017
2022-04-26,0.6084758225855569
2022-04-27,0.6073216456680692
2022-04-28,0.6428006597178166
2022-04-29,0.6127412923121311
2022-05-02,0.6142970152891495
2022-05-03,0.6219247058257794
2022-05-04,0.6547441280971747
2022-05-05,0.6083252810994705
2022-05-06,0.610884562935415
2022-05-09,0.5846892723417234
2022-05-10,0.5969839786644581
2022-05-11,0.556787793857402
2022-05-12,0.5370158619116487
2022-05-13,0.5598489316952847
2022-05-16,0.5519702365852106
2022-05-17,0.5705378366422724
2022-05-18,0.5282841494287349
2022-05-19,0.5108708028616359
2022-05-20,0.5120751347503274
2022-05-23,0.5397759167773586
2022-05-24,0.5259757190212843
2022-05-25,0.5267786579953954
2022-05-26,0.5431381375874141
2022-05-27,0.572545107505075
2022-05-31,0.5685304892069948
2022-06-01,0.5678781682914452
2022-06-02,0.5804238026151491
2022-06-03,0.5511673741835748
2022-06-06,0.5549812194518896
2022-06-07,0.5678781682914452
2022-06-08,0.5641144779943341
2022-06-09,0.5374173313987042
2022-06-10,0.509766780915352
2022-06-13,0.48342094883557385
2022-06-14,0.4878369600482345
2022-06-15,0.5012356883172533
2022-06-16,0.47428769029312934
2022-06-17,0.48181507088735165
2022-06-21,0.5034437322098212
2022-06-22,0.5008342954026728
2022-06-23,0.515487587104062
2022-06-24,0.5324994641841053
2022-06-27,0.5324994641841053
2022-06-28,0.5113224273198952
2022-06-29,0.5203050678037782
2022-06-30,0.5077092785088705
2022-07-01,0.5187995763704386
2022-07-05,0.5319976081821671
2022-07-06,0.5388224363171611
2022-07-07,0.5560350864269699
2022-07-08,0.559497617179433
2022-07-11,0.5486080157751551
2022-07-12,0.5535761145334328
2022-07-13,0.5517193851567167
2022-07-14,0.5666737598302787
2022-07-15,0.5752047758559022
2022-07-18,0.5596482352379946
2022-07-19,0.5793699356400689
2022-07-20,0.5896071395563223
2022-07-21,0.6011993699923037
2022-07-22,0.5948763212867729
2022-07-25,0.589155515098063
2022-07-26,0.5823809185067479
2022-07-27,0.608425591041878
2022-07-28,0.6112358774512668
2022-07-29,0.6371300085003104
2022-08-01,0.6321117547708289
2022-08-02,0.6245843741766066
2022-08-03,0.6552961390703167
2022-08-04,0.6536902611220946
2022-08-05,0.6513819072871191
2022-08-08,0.6489730903647859
2022-08-09,0.649224018365755
2022-08-10,0.6709029112319034
2022-08-11,0.6671392209347922
2022-08-12,0.6852551199611195
2022-08-15,0.6907249981488605
2022-08-16,0.6899220591747494
2022-08-17,0.6975498262838543
2022-08-18,0.6955424788485767
2022-08-19,0.6823445236093233
2022-08-22,0.6625224366923662
2022-08-23,0.6608161722292614
2022-08-24,0.6623216636626008
2022-08-25,0.6748672979863047
2022-08-26,0.642700273202934
2022-08-29,0.6314594338552794
2022-08-30,0.619064341017662
2022-08-31,0.6105834799632421
2022-09-01,0.6142970152891495
2022-09-02,0.6035077238272791
2022-09-06,0.5970843651793408
2022-09-07,0.6042605078301865
2022-09-08,0.5967331272359642
2022-09-09,0.6113361873936743
2022-09-12,0.6417467927427365
2022-09-13,0.5936217578544025
2022-09-14,0.6009985969625383
2022-09-15,0.5862449187462666
2022-09-16,0.5778644442067294
2022-09-19,0.5968334371783717
2022-09-20,0.60897760201502
2022-09-21,0.5930195919100567
2022-09-22,0.5881017246954579
2022-09-23,0.5765094942594764
2022-09-26,0.5782157587225812
2022-09-27,0.5831837809083839
2022-09-28,0.5735487429364763
2022-09-29,0.5366143924245932
2022-09-30,0.5151362725882102
2022-10-03,0.5364638509385067
2022-10-04,0.5547805229945995
2022-10-05,0.5562859378554638
2022-10-06,0.5514182256120687
2022-10-07,0.5246207690740312
2022-10-10,0.5262768019934572
2022-10-11,0.5190505043714078
2022-10-12,0.5158388250474386
2022-10-13,0.5391737508330128
2022-10-14,0.5160395980772039
2022-10-17,0.5362631544812165
2022-10-18,0.5429875961013277
2022-10-19,0.5435396070744697
2022-10-20,0.5411810216958154
2022-10-21,0.5606518706693958
2022-10-24,0.5715916270448775
2022-10-25,0.5860943772601802
2022-10-26,0.5710898476154145
2022-10-27,0.5482567778317784
2022-10-28,0.6031564858839025
2022-10-31,0.5911126309896617
2022-11-01,0.5776135162057604
2022-11-02,0.5494109547492662
2022-11-03,0.5185487249419447
2022-11-04,0.5160395980772039
2022-11-07,0.5187494213992349
2022-11-08,0.5216600177510312
2022-11-09,0.4984254784803396
2022-11-10,0.5586445232341182
2022-11-11,0.5728461904772479
2022-11-14,0.5657202793700812
2022-11-15,0.5745523783678776
2022-11-16,0.5682795612060256
2022-11-17,0.5779648307216121
2022-11-18,0.5808251955297296
2022-11-21,0.5643653294228281
2022-11-22,0.575254930827106
2022-11-23,0.5797212501559207
2022-11-25,0.5648671854247663
2022-11-28,0.545346181479982
2022-11-29,0.5300404922905684
2022-11-30,0.5644657159377108
2022-12-01,0.5658708208561676
2022-12-02,0.5633616939914268
2022-12-05,0.5574401913454267
2022-12-06,0.5387722813459572
2022-12-07,0.5288863153730806
2022-12-08,0.537467486369908
2022-12-09,0.5350085910488461
2022-12-12,0.5467011314272351
2022-12-13,0.5516189986418341
2022-12-14,0.5402777727792968
2022-12-15,0.5066052565625866
2022-12-16,0.4966189040748272
2022-12-19,0.48587984415663577
2022-12-20,0.4855286062132591
2022-12-21,0.5013360748321359
2022-12-22,0.4851772916974073
2022-12-23,0.4833205623206912
2022-12-27,0.47413714880704294
2022-12-28,0.4541143271465581
2022-12-29,0.4720294914293577
2022-12-30,0.47363529280510475
2023-01-03,0.449246614903163
2023-01-04,0.45572016680854266
2023-01-05,0.44899568690219394
2023-01-06,0.47207964640056144
2023-01-09,0.47473931475138875
2023-01-10,0.477649911103185
2023-01-11,0.4915003404029381
2023-01-12,0.49109887091588256
2023-01-13,0.49787346750719763
2023-01-17,0.5037950467256729
2023-01-18,0.5001317429434444
2023-01-19,0.5004328259156173
2023-01-20,0.5134802396687842
2023-01-23,0.5297394093183955
2023-01-24,0.5368653204255622
2023-01-25,0.5335030996155067
2023-01-26,0.5440414630764079
2023-01-27,0.5539273524768095
2023-01-30,0.5392239058042166
2023-01-31,0.5456974194233587
2023-02-01,0.5514182256120687
2023-02-02,0.5784666867235503
2023-02-03,0.5969338236932543
2023-02-06,0.5830332394222975
2023-02-07,0.5976865311236865
2023-02-08,0.583986719882495
2023-02-09,0.5787175381520443
2023-02-10,0.5794200906112728
2023-02-13,0.5936719893980814
2023-02-14,0.5904100785304333
2023-02-15,0.6010989834774211
2023-02-16,0.592969436938853
2023-02-17,0.5871482442352604
2023-02-21,0.5667239148014824
2023-02-22,0.5688818037228466
2023-02-23,0.5713406990439084
2023-02-24,0.5578416608324822
2023-02-27,0.5639137049645687
2023-02-28,0.5613544231286243
2023-03-01,0.550816059667723
2023-03-02,0.553827042534402
2023-03-03,0.5795204771261554
2023-03-06,0.5935716028831988
2023-03-07,0.5823809185067479
2023-03-08,0.5887540456110074
2023-03-09,0.5773124332335875
2023-03-10,0.5668243013163651
2023-03-13,0.5767102672892417
2023-03-14,0.5873489406925506
2023-03-15,0.5893562881278283
2023-03-16,0.6037084968570445
2023-03-17,0.5994429505579951
2023-03-20,0.6114867288797607
2023-03-21,0.6209210703943782
2023-03-22,0.6136446178011249
2023-03-23,0.6191646509600696
2023-03-24,0.6257887826377733
2023-03-27,0.6159028166648965
2023-03-28,0.6127412923121311
2023-03-29,0.6283982960173966
2023-03-30,0.6363773010698783
2023-03-31,0.6491236318508724
2023-04-03,0.655496835527607
2023-04-04,0.652787012205576
2023-04-05,0.6434028256621624
2023-04-06,0.6479192999621809
2023-04-10,0.6347212681504524
2023-04-11,0.6285488375034831
2023-04-12,0.6250360752073411
2023-04-13,0.6524356976897242
2023-04-14,0.6506793548278907
2023-04-17,0.6507796647702982
2023-04-18,0.6570023269609464
2023-04-19,0.662823519664539
2023-04-20,0.657905575877465
2023-04-21,0.6497258743676932
2023-04-24,0.6512815207722364
2023-04-25,0.6434530572058413
2023-04-26,0.6434028256621624
2023-04-27,0.6667377514477366
2023-04-28,0.6731108785519961
2023-05-01,0.6726592540937368
2023-05-02,0.6673900723632862
2023-05-03,0.6619201941755453
2023-05-04,0.653589874607212
2023-05-05,0.6926319590692555
2023-05-08,0.6922806445534037
2023-05-09,0.6835990870416936
2023-05-10,0.6925817275255766
2023-05-11,0.6935352079857741
2023-05-12,0.687613705339774
2023-05-15,0.6851045784750331
2023-05-16,0.6851045784750331
2023-05-17,0.6882158712841197
2023-05-18,0.7000589531485951
2023-05-19,0.7006109641217371
2023-05-22,0.6957934068495457
2023-05-23,0.6825452200666134
2023-05-24,0.6839503249850702
2023-05-25,0.6897213627174591
2023-05-26,0.701965837496515
2023-05-30,0.7113500240399285
2023-05-31,0.7110990960389595
2023-06-01,0.725350918253293
2023-06-02,0.7296666195235462
2023-06-05,0.7227916364173484
2023-06-06,0.7209349070406323
2023-06-07,0.713959537419552
2023-06-08,0.7277597351756262
2023-06-09,0.7297168510672251
2023-06-12,0.7439184417378797
2023-06-13,0.7415097013880214
2023-06-14,0.7447213807119908
2023-06-15,0.7550589711431269
2023-06-16,0.7495890929553859
2023-06-20,0.7500407174136453
2023-06-21,0.7447716122556697
2023-06-22,0.7600270699014046
2023-06-23,0.7584211919531824
2023-06-26,0.7513455123896944
2023-06-27,0.7653464066030587
2023-06-28,0.771318140792738
2023-06-29,0.7730243286833678
2023-06-30,0.7950043045216889
2023-07-03,0.7874267689562628
2023-07-05,0.7817561177387566
2023-07-06,0.7841648580886146
2023-07-07,0.7784942068711086
2023-07-10,0.7681064614687689
2023-07-11,0.7654467931179416
2023-07-12,0.7739276541723613
2023-07-13,0.7777916544118801
2023-07-14,0.7785444384147875
2023-07-17,0.7951046910365717
2023-07-18,0.7937998960605221
2023-07-19,0.8006749557391949
2023-07-20,0.7907889897663184
2023-07-21,0.7848172555766394
2023-07-24,0.7888820288459234
2023-07-25,0.7932478850873803
2023-07-26,0.7976639728725161
2023-07-27,0.7912406142245777
2023-07-28,0.8043382595214236
2023-07-31,0.8074495523305101
2023-08-01,0.8032342375751398
2023-08-02,0.7880289349006085
2023-08-03,0.7809531787646455
2023-08-04,0.7348856462827932
2023-08-07,0.71912833263512
2023-08-08,0.7238956583636325
2023-08-09,0.7158162667962681
2023-08-10,0.7147122448499842
2023-08-11,0.7138089193609904
2023-08-14,0.7221894704730027
2023-08-15,0.7121027314703607
2023-08-16,0.7076867202577001
2023-08-17,0.6947897714181445
2023-08-18,0.6972487433116814
2023-08-21,0.7040233399029965
2023-08-22,0.7109987095240768
2023-08-23,0.730519713468861
2023-08-24,0.7067332397975026
2023-08-25,0.7179239241739533
2023-08-28,0.7258527742552312
2023-08-29,0.7455744746573056
2023-08-30,0.7632889041965776
2023-08-31,0.7643929261428615
2023-09-01,0.7723720077678182
2023-09-05,0.7735763396565096
2023-09-06,0.7395024305252189
2023-09-07,0.7126547424435027
2023-09-08,0.7157660352525892
2023-09-11,0.7216876144710646
2023-09-12,0.706331770310447
2023-09-13,0.6958436383932246
2023-09-14,0.7035215604735334
2023-09-15,0.6998581801188297
2023-09-18,0.7147122448499842
2023-09-19,0.7202323545814039
2023-09-20,0.702266997041163
2023-09-21,0.6944384569022927
2023-09-22,0.6987541581725458
2023-09-25,0.7052277483641631
2023-09-26,0.6845525675018912
2023-09-27,0.6768745688491072
2023-09-28,0.6781793638251565
2023-09-29,0.68078887720478
2023-10-02,0.6935352079857741
2023-10-03,0.686760534821984
2023-10-04,0.6930835835275148
2023-10-05,0.6993564006893667
2023-10-06,0.7123035045001261
2023-10-09,0.7198308850943484
2023-10-10,0.7168199022276694
2023-10-11,0.7238956583636325
2023-10-12,0.7284622876348547
2023-10-13,0.71912833263512
2023-10-16,0.7184759351470954
2023-10-17,0.7105972400370213
2023-10-18,0.7040233399029965
2023-10-19,0.7021164555550765
2023-10-20,0.6891693517443171
2023-10-23,0.689771517688663
2023-10-24,0.6919795615812308
2023-10-25,0.680236866231638
2023-10-26,0.6591099843386317
2023-10-27,0.6657842709875391
2023-10-30,0.6761720163898789
2023-10-31,0.6785808333122121
2023-11-01,0.6946392299320581
2023-11-02,0.7127049739871816
2023-11-03,0.7080881131722805
2023-11-06,0.7210352169830399
2023-11-07,0.7340325523374782
2023-11-08,0.7394020440103364
2023-11-09,0.7369933036604781
2023-11-10,0.7570160870347257
2023-11-13,0.7489869270110402
2023-11-14,0.7622351137939725
2023-11-15,0.7650954786020899
2023-11-16,0.7736265712001885
2023-11-17,0.7735261846853059
2023-11-20,0.7823582836831023
2023-11-21,0.7782935104138183
2023-11-22,0.7816557312238738
2023-11-24,0.7749312896037627
2023-11-27,0.7740279641147689
2023-11-28,0.7770891019526519
2023-11-29,0.7719203067370838
2023-11-30,0.77483090308888
2023-12-01,0.7813044932804974
2023-12-04,0.7722213897092566
2023-12-05,0.7922442496559791
2023-12-06,0.7867242164970344
2023-12-07,0.7965097959550282
2023-12-08,0.8037360935770779
2023-12-11,0.7910398411948124
2023-12-12,0.7987178398475963
2023-12-13,0.8150271644684113
2023-12-14,0.8157798718988436
2023-12-15,0.8130700485768125
2023-12-18,0.8046393424935965
2023-12-19,0.8099085242240471
2023-12-20,0.7993200057919421
2023-12-21,0.7985672217890347
2023-12-22,0.7931475751449726
2023-12-26,0.7903875202792628
2023-12-27,0.7908892997087261
2023-12-28,0.79304718863009
2023-12-29,0.7877780068996395
2024-01-02,0.7532022417664106
2024-01-03,0.7462268721453302
2024-01-04,0.7344841767957373
2024-01-05,0.7308207964410339
2024-01-08,0.7528007722793549
2024-01-09,0.7506931149016699
2024-01-10,0.7559622966321204
2024-01-11,0.7529513137654417
2024-01-12,0.7546073466848674
2024-01-16,0.7431155793362437
2024-01-17,0.7383481770352562
2024-01-18,0.7682068479836515
2024-01-19,0.7829102946562442
2024-01-22,0.7946028350346334
2024-01-23,0.8010763486537755
2024-01-24,0.7976639728725161
2024-01-25,0.7960079399530902
2024-01-26,0.7872259959264974
2024-01-29,0.783763388601559
2024-01-30,0.7652460200881763
2024-01-31,0.7469795795757626
2024-02-01,0.7593245174421762
2024-02-02,0.7542561087414906
2024-02-05,0.7634394456826639
2024-02-06,0.7715690687937071
2024-02-07,0.772121079766849
2024-02-08,0.7666512015791083
2024-02-09,0.7693108699299352
2024-02-12,0.7607797773318369
2024-02-13,0.7501912588997316
2024-02-14,0.7457250161433923
2024-02-15,0.7442697562537316
2024-02-16,0.7364914476585399
2024-02-20,0.7327277573614288
2024-02-21,0.7365416792022189
2024-02-22,0.746829038089676
2024-02-23,0.73754531463362
2024-02-26,0.7307204864986262
2024-02-27,0.7380973256067622
2024-02-28,0.7320252049022005
2024-02-29,0.7286629840921449
2024-03-01,0.723193105904404
2024-03-04,0.7003098811495642
2024-03-05,0.675318922444564
2024-03-06,0.6703006687150824
2024-03-07,0.6696985027707367
2024-03-08,0.6783800602824468
2024-03-11,0.6885169542562926
2024-03-12,0.6909256946061506
2024-03-13,0.6803874077177244
2024-03-14,0.689771517688663
2024-03-15,0.6878645567682679
2024-03-18,0.6933846664996877
2024-03-19,0.7052277483641631
2024-03-20,0.7182250071461262
2024-03-21,0.681591739606416
2024-03-22,0.6861583688776381
2024-03-25,0.6789823027992676
2024-03-26,0.6732614966105577
2024-03-27,0.6913271640932062
2024-03-28,0.6821437505795579
2024-04-01,0.6748672979863047
2024-04-02,0.6688955637966256
2024-04-03,0.6729603370659097
2024-04-04,0.6687952538542181
2024-04-05,0.6726090991225331
2024-04-08,0.6669384479050269
2024-04-09,0.6730607235807924
2024-04-10,0.6635762270949712
2024-04-11,0.7000087216049162
2024-04-12,0.7075863337428174
2024-04-15,0.6882158712841197
2024-04-16,0.6716054636911317
2024-04-17,0.6646802490412552
2024-04-18,0.6598626917690639
2024-04-19,0.6496254878528106
2024-04-22,0.653840802608181
2024-04-23,0.6591601393098354
2024-04-24,0.6697988892856194
2024-04-25,0.6741647455270763
2024-04-26,0.6712039942040762
2024-04-29,0.6922806445534037
2024-04-30,0.6763727894196442
2024-05-01,0.6712039942040762
2024-05-02,0.6899220591747494
2024-05-03,0.7418610159038733
2024-05-06,0.7334805413643362
2024-05-07,0.7369430721167995
2024-05-08,0.7386493365799043
2024-05-09,0.7478327500935524
2024-05-10,0.7402049829844475
2024-05-13,0.7564139210903797
2024-05-14,0.7621848822502936
2024-05-15,0.7736767261713924
2024-05-16,0.7742788921157382
2024-05-17,0.7744294336018245
2024-05-20,0.780300781276621
2024-05-21,0.7868747579831207
2024-05-22,0.7795982288173926
2024-05-23,0.7594249039570588
2024-05-24,0.7749814445749663
2024-05-28,0.7750316761186455
2024-05-29,0.7765370909795097
2024-05-30,0.7815553447089914
2024-05-31,0.7863729019811826
2024-06-03,0.7953053874938618
2024-06-04,0.7969112654420838
2024-06-05,0.8045389559787138
2024-06-06,0.7975635863576332
2024-06-07,0.809657596223078
2024-06-10,0.7907387582226395
2024-06-11,0.8611448519214678
2024-06-12,0.8908529813837763
2024-06-13,0.896724329058573
2024-06-14,0.8879423850319802
2024-06-17,0.9089186488664248
2024-06-18,0.8969751804870668
2024-06-20,0.8738410277312579
2024-06-21,0.8628511163845726
2024-06-24,0.8661129506797453
2024-06-25,0.8707799664658503
2024-06-26,0.8917562303002952
2024-06-27,0.8960217765993442
2024-06-28,0.8785581984885665
2024-07-01,0.9093201183534804
2024-07-02,0.9269843929215483
2024-07-03,0.9334077515694869
2024-07-05,0.9574451532418146
2024-07-08,0.9648722238936293
2024-07-09,0.9691878485914073
2024-07-10,0.9907663549426727
2024-07-11,0.9636176604612589
2024-07-12,0.9785218035911419
2024-07-15,0.9978922660498398
2024-07-16,1.0000000000000002
2024-07-17,0.9701915605952837
2024-07-18,0.9466057068087402
2024-07-19,0.9472581042967648
2024-07-22,0.9455017614349314
2024-07-23,0.9507708665929072
2024-07-24,0.9183027588373635
2024-07-25,0.913033653679388
2024-07-26,0.9153922390580421
2024-07-29,0.9167973439764993
2024-07-30,0.9196075538134126
2024-07-31,0.9360674199203142
